Country,more_info,date_of_release,travel_advisory,risk_rating,text
Afghanistan,http://smartraveller.gov.au/Countries/asia/south/Pages/afghanistan.aspx,2017-09-17 14:02:56,True,danger,Afghanistan overall
Albania,http://smartraveller.gov.au/Countries/europe/southern/Pages/albania.aspx,2017-07-04 02:19:47,True,normal,Albania overall
Algeria,http://smartraveller.gov.au/Countries/africa/north/Pages/algeria.aspx,2017-03-30 04:18:58,True,warning,Algeria overall
Algeria,http://smartraveller.gov.au/Countries/africa/north/Pages/algeria.aspx,2017-03-30 04:18:58,True,danger,Within 450 kilometres of borders with Mali and Niger 
Algeria,http://smartraveller.gov.au/Countries/africa/north/Pages/algeria.aspx,2017-03-30 04:18:58,True,danger,"Within 100 kilometres of borders with Mauritania, Libya and Tunisia "
American Samoa,http://smartraveller.gov.au/Countries/pacific/Pages/american_samoa.aspx,2016-03-02 05:13:00,null,null,null
Andorra,http://smartraveller.gov.au/Countries/europe/southern/Pages/andorra.aspx,2016-03-02 05:16:00,null,null,null
Angola,http://smartraveller.gov.au/Countries/africa/central/Pages/angola.aspx,2017-08-27 22:30:21,True,caution,Angola overall
Angola,http://smartraveller.gov.au/Countries/africa/central/Pages/angola.aspx,2017-08-27 22:30:21,True,warning,"Cabinda, Lunda Norte and Sul"
Antigua and Barbuda,http://smartraveller.gov.au/Countries/americas/caribbean/Pages/antigua_and_barbuda.aspx,2015-08-26 06:19:00,null,null,null
Argentina,http://smartraveller.gov.au/Countries/americas/south/Pages/argentina.aspx,2017-07-05 04:33:15,True,normal,Argentina overall
Armenia,http://smartraveller.gov.au/Countries/europe/eastern/Pages/armenia.aspx,2017-08-30 02:16:25,True,normal,Armenia overall
Armenia,http://smartraveller.gov.au/Countries/europe/eastern/Pages/armenia.aspx,2017-08-30 02:16:25,True,danger,Nagorno-Karabakh and surrounding military occupied areas
Armenia,http://smartraveller.gov.au/Countries/europe/eastern/Pages/armenia.aspx,2017-08-30 02:16:25,True,danger,Armenia-Azerbaijan border areas
Aruba,http://smartraveller.gov.au/Countries/americas/caribbean/Pages/aruba.aspx,2016-05-27 02:22:00,null,null,null
Austria,http://smartraveller.gov.au/Countries/europe/western/Pages/austria.aspx,2017-09-29 07:18:20,True,normal,Austria overall
Azerbaijan,http://smartraveller.gov.au/Countries/europe/eastern/Pages/azerbaijan.aspx,2017-07-11 05:18:45,True,normal,Azerbaijan overall
Azerbaijan,http://smartraveller.gov.au/Countries/europe/eastern/Pages/azerbaijan.aspx,2017-07-11 05:18:45,True,danger,Nagorno-Karabakh and surrounding military occupied areas
Azerbaijan,http://smartraveller.gov.au/Countries/europe/eastern/Pages/azerbaijan.aspx,2017-07-11 05:18:45,True,danger,Armenia-Azerbaijan border areas
Bahrain,http://smartraveller.gov.au/Countries/middle-east/Pages/bahrain.aspx,2017-06-21 04:38:00,True,warning,Bahrain overall
Bangladesh,http://smartraveller.gov.au/Countries/asia/south/Pages/bangladesh.aspx,2017-09-13 12:30:37,True,warning,Bangladesh overall
Barbados,http://smartraveller.gov.au/Countries/americas/caribbean/Pages/barbados.aspx,2016-01-25 08:17:00,null,null,null
Belarus,http://smartraveller.gov.au/Countries/europe/eastern/Pages/belarus.aspx,2017-02-02 23:17:09,True,normal,Belarus overall
Belgium,http://smartraveller.gov.au/Countries/europe/western/Pages/belgium.aspx,2017-06-21 00:43:09,True,caution,Belgium overall
Belize,http://smartraveller.gov.au/Countries/americas/central/Pages/belize.aspx,2017-08-14 05:16:09,True,caution,Belize overall
Benin,http://smartraveller.gov.au/Countries/africa/west/Pages/benin.aspx,2016-10-25 00:28:51,True,caution,Benin overall
Bermuda,http://smartraveller.gov.au/Countries/americas/north/Pages/Bermuda.aspx,No Time,null,null,null
Bhutan,http://smartraveller.gov.au/Countries/asia/south/Pages/bhutan.aspx,2017-08-23 22:31:22,True,normal,Bhutan overall
Bolivia,http://smartraveller.gov.au/Countries/americas/south/Pages/bolivia.aspx,2017-08-25 23:55:22,True,caution,Bolivia overall
Bosnia and Herzegovina,http://smartraveller.gov.au/Countries/europe/southern/Pages/bosnia_and_herzegovina.aspx,2017-09-14 04:35:48,True,normal,Bosnia and Herzegovina overall
Botswana,http://smartraveller.gov.au/Countries/africa/southern/Pages/botswana.aspx,2017-07-11 06:07:04,True,normal,Botswana overall
Brazil,http://smartraveller.gov.au/Countries/americas/south/Pages/brazil.aspx,2017-08-22 03:51:58,True,caution,Brazil overall
Brunei Darussalam,http://smartraveller.gov.au/Countries/asia/south-east/Pages/brunei_darussalam.aspx,2017-05-15 06:19:33,True,normal,Brunei Darussalam overall
Bulgaria,http://smartraveller.gov.au/Countries/europe/eastern/Pages/bulgaria.aspx,2017-04-11 04:22:03,True,normal,Bulgaria overall
Burkina Faso,http://smartraveller.gov.au/Countries/africa/west/Pages/burkina_faso.aspx,2017-09-05 03:03:25,True,warning,Burkina Faso overall
Burkina Faso,http://smartraveller.gov.au/Countries/africa/west/Pages/burkina_faso.aspx,2017-09-05 03:03:25,True,danger,All areas along the border with Mali
Burkina Faso,http://smartraveller.gov.au/Countries/africa/west/Pages/burkina_faso.aspx,2017-09-05 03:03:25,True,danger,W National Park
Burundi,http://smartraveller.gov.au/Countries/africa/east/Pages/burundi.aspx,2016-12-06 03:09:32,True,danger,Burundi overall
Cabo Verde,http://smartraveller.gov.au/Countries/africa/west/Pages/cabo_verde.aspx,2016-01-25 08:36:00,null,null,null
Cambodia,http://smartraveller.gov.au/Countries/asia/south-east/Pages/cambodia.aspx,2017-09-21 06:20:16,True,normal,Cambodia overall
Cameroon,http://smartraveller.gov.au/Countries/africa/central/Pages/cameroon.aspx,2017-02-02 05:20:32,True,caution,Cameroon overall
Cameroon,http://smartraveller.gov.au/Countries/africa/central/Pages/cameroon.aspx,2017-02-02 05:20:32,True,warning,North and Adamaoua regions
Cameroon,http://smartraveller.gov.au/Countries/africa/central/Pages/cameroon.aspx,2017-02-02 05:20:32,True,danger,"Far North region and within 40 kms of borders with Central African Republic, Chad and Nigeriau0027s Adamawa state"
Cameroon,http://smartraveller.gov.au/Countries/africa/central/Pages/cameroon.aspx,2017-02-02 05:20:32,True,danger,Within 40 kms of the border with Nigeria in the Bakassi Peninsula region
Canada,http://smartraveller.gov.au/Countries/americas/north/Pages/canada.aspx,2017-09-20 06:07:57,True,normal,Canada overall
Central African Republic,http://smartraveller.gov.au/Countries/africa/central/Pages/central_african_republic.aspx,2017-02-08 00:30:20,True,danger,Central African Republic overall
Chad,http://smartraveller.gov.au/Countries/africa/central/Pages/chad.aspx,2017-07-21 05:58:44,True,danger,Chad overall
Chad,http://smartraveller.gov.au/Countries/africa/central/Pages/chad.aspx,2017-07-21 05:58:44,True,warning,Nu0027Djamena
Chile,http://smartraveller.gov.au/Countries/americas/south/Pages/chile.aspx,2017-09-08 02:37:54,True,normal,Chile overall
China,http://smartraveller.gov.au/Countries/asia/north/Pages/china.aspx,2017-08-31 05:35:36,True,normal,China overall
China,http://smartraveller.gov.au/Countries/asia/north/Pages/china.aspx,2017-08-31 05:35:36,True,caution,Tibet
China,http://smartraveller.gov.au/Countries/asia/north/Pages/china.aspx,2017-08-31 05:35:36,True,caution,Xinjiang
Colombia,http://smartraveller.gov.au/Countries/americas/south/Pages/colombia.aspx,2017-10-02 09:40:33,True,caution,Colombia overall
Colombia,http://smartraveller.gov.au/Countries/americas/south/Pages/colombia.aspx,2017-10-02 09:40:33,True,warning,"The departments of Antioquia (except Medellín), Arauca, Caquetá, Cauca (except Popayan), Chocó (except its capital Quibdó and the whale-watching towns of Nuqui, Bania Solano and Capurganá), Guainía, Guaviare, Meta, (except Villavicencio and the tourist site of Caño Cristales), Nariño (except Pasto and the border crossing of Ipiales), Norte de Santander, Putumayo, Valle de Cauca (except Cali) and Vichada"
Colombia,http://smartraveller.gov.au/Countries/americas/south/Pages/colombia.aspx,2017-10-02 09:40:33,True,danger,"Areas within 20 kms of Venezuela and Ecuador, except the Pan American Highway crossing at Ipiales"
Colombia,http://smartraveller.gov.au/Countries/americas/south/Pages/colombia.aspx,2017-10-02 09:40:33,True,danger,Cities of Buenaventura and Tumaco
Comoros,http://smartraveller.gov.au/Countries/africa/east/Pages/comoros.aspx,2015-08-06 00:40:00,null,null,null
Cook Islands,http://smartraveller.gov.au/Countries/pacific/Pages/cook_islands.aspx,2016-12-14 03:10:08,True,normal,Cook Islands overall
Costa Rica,http://smartraveller.gov.au/Countries/americas/central/Pages/costa_rica.aspx,2017-01-24 05:56:01,True,caution,Costa Rica overall
Côte du0027Ivoire,http://smartraveller.gov.au/Countries/africa/west/Pages/ivory_coast.aspx,2017-08-01 22:45:18,True,caution,Ivory Coast overall
Côte du0027Ivoire,http://smartraveller.gov.au/Countries/africa/west/Pages/ivory_coast.aspx,2017-08-01 22:45:18,True,warning,"Dix-Huit Montagnes, Haut-Sassandra, Moyen-Cavally and Bas-Sassandra"
Croatia,http://smartraveller.gov.au/Countries/europe/southern/Pages/croatia.aspx,2017-08-02 22:52:55,True,normal,Croatia overall
Cuba,http://smartraveller.gov.au/Countries/americas/caribbean/Pages/cuba.aspx,2017-09-27 05:35:44,True,normal,Cuba overall
Cyprus,http://smartraveller.gov.au/Countries/europe/southern/Pages/cyprus.aspx,2017-03-27 23:16:22,True,normal,Cyprus overall
Czech Republic,http://smartraveller.gov.au/Countries/europe/eastern/Pages/czech_republic.aspx,2017-06-08 22:52:30,True,normal,Czech Republic overall
Democratic Peopleu0027s Republic of Korea,http://smartraveller.gov.au/Countries/asia/north/Pages/north_korea.aspx,2017-09-06 00:15:09,True,warning,Democratic Peopleu0027s Republic of Korea overall
Democratic Republic of the Congo,http://smartraveller.gov.au/Countries/africa/central/Pages/democratic_republic_of_the_congo.aspx,2017-08-02 23:10:52,True,warning,Democratic Republic of the Congo overall
Democratic Republic of the Congo,http://smartraveller.gov.au/Countries/africa/central/Pages/democratic_republic_of_the_congo.aspx,2017-08-02 23:10:52,True,danger,"Provinces of Kasai, Kasai Central, Kasai Oriental, Sud-Kivu, Nord-Kivu, Ituri, Maniema, Tanganyika, Bas-Uélé and Haut-Uélé"
Denmark,http://smartraveller.gov.au/Countries/europe/northern/Pages/denmark.aspx,2017-08-22 04:35:11,True,normal,Denmark overall
Djibouti,http://smartraveller.gov.au/Countries/africa/east/Pages/djibouti.aspx,2017-05-17 00:00:43,True,caution,Djibouti overall
Djibouti,http://smartraveller.gov.au/Countries/africa/east/Pages/djibouti.aspx,2017-05-17 00:00:43,True,danger,Within 10 kilometres of the border with Eritrea 
Djibouti,http://smartraveller.gov.au/Countries/africa/east/Pages/djibouti.aspx,2017-05-17 00:00:43,True,danger,Within 5 kilometres of the border with Somalia
Dominica,http://smartraveller.gov.au/Countries/americas/caribbean/Pages/dominica.aspx,2016-05-27 01:22:00,null,null,null
Dominican Republic,http://smartraveller.gov.au/Countries/americas/caribbean/Pages/dominican_republic.aspx,2017-09-27 05:48:13,True,caution,Dominican Republic overall
Ecuador,http://smartraveller.gov.au/Countries/americas/south/Pages/ecuador.aspx,2017-09-09 02:16:30,True,caution,Ecuador overall
Ecuador,http://smartraveller.gov.au/Countries/americas/south/Pages/ecuador.aspx,2017-09-09 02:16:30,True,warning,Sucumbios province
Ecuador,http://smartraveller.gov.au/Countries/americas/south/Pages/ecuador.aspx,2017-09-09 02:16:30,True,danger,"Areas within 20 kilometres of Colombia, except the offical border crossing at Tulcán "
Egypt,http://smartraveller.gov.au/Countries/africa/north/Pages/egypt.aspx,2017-09-04 09:44:39,True,warning,Egypt overall
Egypt,http://smartraveller.gov.au/Countries/africa/north/Pages/egypt.aspx,2017-09-04 09:44:39,True,danger,"Within 50kms of Egyptu0027s border with Libya and Governorate of North Sinai, including the Taba-Suez Road "
El Salvador,http://smartraveller.gov.au/Countries/americas/central/Pages/el_salvador.aspx,2017-09-09 02:14:15,True,caution,El Salvador overall
Equatorial Guinea,http://smartraveller.gov.au/Countries/africa/central/Pages/equatorial_guinea.aspx,2015-07-08 05:30:00,null,null,null
Eritrea,http://smartraveller.gov.au/Countries/africa/east/Pages/eritrea.aspx,2017-07-24 23:43:06,True,warning,Eritrea overall
Eritrea,http://smartraveller.gov.au/Countries/africa/east/Pages/eritrea.aspx,2017-07-24 23:43:06,True,danger,"Regions bordering Ethiopia, Sudan and Djibouti"
Eritrea,http://smartraveller.gov.au/Countries/africa/east/Pages/eritrea.aspx,2017-07-24 23:43:06,True,danger,"Towns of Teseney, Barentu and Assab "
Estonia,http://smartraveller.gov.au/Countries/europe/northern/Pages/estonia.aspx,2017-06-12 22:50:22,True,normal,Estonia overall
Ethiopia,http://smartraveller.gov.au/Countries/africa/east/Pages/ethiopia.aspx,2017-09-29 05:21:27,True,warning,Ethiopia overall
Ethiopia,http://smartraveller.gov.au/Countries/africa/east/Pages/ethiopia.aspx,2017-09-29 05:21:27,True,danger,"Border areas with Sudan and South Sudan, including the Gambella region "
Ethiopia,http://smartraveller.gov.au/Countries/africa/east/Pages/ethiopia.aspx,2017-09-29 05:21:27,True,danger,"Border area with Eritrea, including the Danakil desert area"
Ethiopia,http://smartraveller.gov.au/Countries/africa/east/Pages/ethiopia.aspx,2017-09-29 05:21:27,True,danger,"Border areas with Somalia and Kenya, including the Somali region "
Federated States of Micronesia,http://smartraveller.gov.au/Countries/pacific/Pages/federated_states_of_micronesia.aspx,2017-05-23 00:19:56,True,normal,Micronesia overall
Fiji,http://smartraveller.gov.au/Countries/pacific/Pages/fiji.aspx,2017-08-22 05:01:41,True,normal,Fiji overall
Finland,http://smartraveller.gov.au/Countries/europe/northern/Pages/finland.aspx,2017-08-22 07:08:43,True,normal,Finland overall
France,http://smartraveller.gov.au/Countries/europe/western/Pages/france.aspx,2017-08-23 05:06:15,True,caution,France overall
French Polynesia,http://smartraveller.gov.au/Countries/pacific/Pages/french_polynesia.aspx,2017-05-24 23:25:54,True,normal,French Polynesia overall
Gabon,http://smartraveller.gov.au/Countries/africa/central/Pages/gabon.aspx,2017-07-06 04:30:26,True,caution,Gabon overall
Georgia,http://smartraveller.gov.au/Countries/europe/eastern/Pages/georgia.aspx,2017-07-10 05:58:48,True,normal,Georgia overall
Georgia,http://smartraveller.gov.au/Countries/europe/eastern/Pages/georgia.aspx,2017-07-10 05:58:48,True,danger,South Ossetia and Abkhazia (including adjacent areas) and Pankisi Gorge north of Akhmeta
Germany,http://smartraveller.gov.au/Countries/europe/western/Pages/germany.aspx,2017-09-15 03:15:36,True,normal,Germany overall
Ghana,http://smartraveller.gov.au/Countries/africa/west/Pages/ghana.aspx,2017-03-22 03:38:51,True,normal,Ghana overall
Ghana,http://smartraveller.gov.au/Countries/africa/west/Pages/ghana.aspx,2017-03-22 03:38:51,True,caution,"Bawku, Tamale municipality, Yendi District and Bimbilla area in northern Ghana"
Gibraltar,http://smartraveller.gov.au/Countries/europe/southern/Pages/gibraltar.aspx,2015-08-04 01:13:00,null,null,null
Greece,http://smartraveller.gov.au/Countries/europe/southern/Pages/greece.aspx,2017-08-09 00:35:14,True,normal,Greece overall
Greenland,http://smartraveller.gov.au/Countries/europe/northern/Pages/greenland.aspx,2015-09-07 01:21:00,null,null,null
Grenada,http://smartraveller.gov.au/Countries/americas/caribbean/Pages/grenada.aspx,2015-08-03 06:39:00,null,null,null
Guam,http://smartraveller.gov.au/Countries/pacific/Pages/guam.aspx,2017-03-08 02:42:00,True,normal,Guam overall
Guatemala,http://smartraveller.gov.au/Countries/americas/central/Pages/guatemala.aspx,2017-09-09 02:15:29,True,caution,Guatemala overall
Guinea,http://smartraveller.gov.au/Countries/africa/west/Pages/guinea.aspx,2017-07-11 00:28:38,True,caution,Guinea overall
Guinea,http://smartraveller.gov.au/Countries/africa/west/Pages/guinea.aspx,2017-07-11 00:28:38,True,warning,"Border areas with Cote d’Ivoire, Liberia and Sierra Leone"
Guinea-Bissau,http://smartraveller.gov.au/Countries/africa/west/Pages/guinea-bissau.aspx,No Time,null,null,null
Guyana,http://smartraveller.gov.au/Countries/americas/south/Pages/guyana.aspx,2017-07-21 01:51:48,True,caution,Guyana overall
Haiti,http://smartraveller.gov.au/Countries/americas/caribbean/Pages/haiti.aspx,2017-09-10 06:59:58,True,caution,Haiti overall
Haiti,http://smartraveller.gov.au/Countries/americas/caribbean/Pages/haiti.aspx,2017-09-10 06:59:58,True,warning,"Areas of Bel Air, Carrefour, Cité Soleil and Martissant in Port au Prince"
Honduras,http://smartraveller.gov.au/Countries/americas/central/Pages/honduras.aspx,2017-02-23 22:25:20,True,caution,Honduras overall
Hong Kong,http://smartraveller.gov.au/Countries/asia/north/Pages/hong_kong.aspx,2017-09-04 03:37:12,True,normal,Hong Kong overall
Hungary,http://smartraveller.gov.au/Countries/europe/eastern/Pages/hungary.aspx,2017-08-22 00:27:40,True,normal,Hungary overall
Iceland,http://smartraveller.gov.au/Countries/europe/northern/Pages/iceland.aspx,2017-08-28 23:20:38,True,normal,Iceland overall
India,http://smartraveller.gov.au/Countries/asia/south/Pages/india.aspx,2017-09-29 07:04:28,True,caution,India overall
India,http://smartraveller.gov.au/Countries/asia/south/Pages/india.aspx,2017-09-29 07:04:28,True,warning,"North-eastern states (Assam (except Guwahati), Nagaland and Manipur) and Chhattisgarh and the border areas of neighbouring states"
India,http://smartraveller.gov.au/Countries/asia/south/Pages/india.aspx,2017-09-29 07:04:28,True,warning,Cities of Jammu and Srinagar
India,http://smartraveller.gov.au/Countries/asia/south/Pages/india.aspx,2017-09-29 07:04:28,True,danger,"State of Jammu and Kashmir (except Ladakh region, Jammu and Srinagar) and India-Pakistan border (except Atari crossing)"
Indonesia,http://smartraveller.gov.au/Countries/asia/south-east/Pages/indonesia.aspx,2017-09-27 08:29:33,True,caution,Indonesia overall
Indonesia,http://smartraveller.gov.au/Countries/asia/south-east/Pages/indonesia.aspx,2017-09-27 08:29:33,True,warning,"Central Sulawesi, Papua and West Papua provinces "
Iran,http://smartraveller.gov.au/Countries/middle-east/Pages/iran.aspx,2017-06-07 23:30:12,True,caution,Iran overall
Iran,http://smartraveller.gov.au/Countries/middle-east/Pages/iran.aspx,2017-06-07 23:30:12,True,danger,"Border areas with Afghanistan, Pakistan and Iraq"
Iraq,http://smartraveller.gov.au/Countries/middle-east/Pages/iraq.aspx,2017-09-27 20:28:15,True,danger,Iraq overall
Ireland,http://smartraveller.gov.au/Countries/europe/northern/Pages/ireland.aspx,2017-03-24 02:39:39,True,normal,Ireland overall
"Israel, the Gaza Strip and the West Bank",http://smartraveller.gov.au/Countries/middle-east/Pages/israel_gaza_strip_and_west_bank.aspx,2017-08-28 02:31:29,True,caution,Overall
"Israel, the Gaza Strip and the West Bank",http://smartraveller.gov.au/Countries/middle-east/Pages/israel_gaza_strip_and_west_bank.aspx,2017-08-28 02:31:29,True,warning,"The West Bank, including Bethlehem, Jericho and Ramallah; all parts of Golan Heights east of Route 98"
"Israel, the Gaza Strip and the West Bank",http://smartraveller.gov.au/Countries/middle-east/Pages/israel_gaza_strip_and_west_bank.aspx,2017-08-28 02:31:29,True,warning,Areas within 5 kms of the border with the Gaza Strip
"Israel, the Gaza Strip and the West Bank",http://smartraveller.gov.au/Countries/middle-east/Pages/israel_gaza_strip_and_west_bank.aspx,2017-08-28 02:31:29,True,danger,Gaza Strip
Italy,http://smartraveller.gov.au/Countries/europe/southern/Pages/italy.aspx,2017-09-29 23:11:05,True,normal,Italy overall
Jamaica,http://smartraveller.gov.au/Countries/americas/caribbean/Pages/jamaica.aspx,2017-09-28 23:25:12,True,caution,Jamaica overall
Japan,http://smartraveller.gov.au/Countries/asia/north/Pages/japan.aspx,2017-09-06 00:15:32,True,normal,Japan overall
Japan,http://smartraveller.gov.au/Countries/asia/north/Pages/japan.aspx,2017-09-06 00:15:32,True,caution,Areas 1 and 2 near the Fukushima Dai-ichi power plant
Japan,http://smartraveller.gov.au/Countries/asia/north/Pages/japan.aspx,2017-09-06 00:15:32,True,danger,Area 3 near the Fukushima Dai-ichi power plant 
Jordan,http://smartraveller.gov.au/Countries/middle-east/Pages/jordan.aspx,2017-08-08 13:49:13,True,caution,Jordan overall
Jordan,http://smartraveller.gov.au/Countries/middle-east/Pages/jordan.aspx,2017-08-08 13:49:13,True,warning,Areas near the borders with Syria and Iraq
Kazakhstan,http://smartraveller.gov.au/Countries/asia/central/Pages/kazakhstan.aspx,2017-08-29 06:09:41,True,normal,Kazakhstan overall
Kenya,http://smartraveller.gov.au/Countries/africa/east/Pages/kenya.aspx,2017-09-27 03:36:52,True,caution,Kenya overall
Kenya,http://smartraveller.gov.au/Countries/africa/east/Pages/kenya.aspx,2017-09-27 03:36:52,True,warning,Coastal areas from Lamu county to Mombasa and outskirts
Kenya,http://smartraveller.gov.au/Countries/africa/east/Pages/kenya.aspx,2017-09-27 03:36:52,True,warning,A2 highway from Isiolo to Moyale
Kenya,http://smartraveller.gov.au/Countries/africa/east/Pages/kenya.aspx,2017-09-27 03:36:52,True,danger,"Border regions with Somalia, South Sudan and Ethiopia"
Kiribati,http://smartraveller.gov.au/Countries/pacific/Pages/kiribati.aspx,2015-09-18 00:56:00,null,null,null
Kosovo,http://smartraveller.gov.au/Countries/europe/southern/Pages/kosovo.aspx,2017-09-13 05:40:22,True,caution,Kosovo overall
Kosovo,http://smartraveller.gov.au/Countries/europe/southern/Pages/kosovo.aspx,2017-09-13 05:40:22,True,warning,"Leposavic, Zubin Potok and Zvecan municipalities and North Mitrovica"
Kuwait,http://smartraveller.gov.au/Countries/middle-east/Pages/kuwait.aspx,2017-04-19 00:48:51,True,caution,Kuwait overall
Kyrgyz Republic,http://smartraveller.gov.au/Countries/asia/central/Pages/kyrgyz_republic.aspx,2017-07-03 04:19:29,True,caution,Kyrgyz Republic overall
Kyrgyz Republic,http://smartraveller.gov.au/Countries/asia/central/Pages/kyrgyz_republic.aspx,2017-07-03 04:19:29,True,warning,Kyrgyz-Uzbek and Kyrgyz-Tajik border areas and the Ferghana Valley
Laos,http://smartraveller.gov.au/Countries/asia/south-east/Pages/laos.aspx,2017-09-19 03:46:27,True,normal,Laos overall
Laos,http://smartraveller.gov.au/Countries/asia/south-east/Pages/laos.aspx,2017-09-19 03:46:27,True,warning,"Travel in Xaisomboun Province, east of Vang Vieng"
Latvia,http://smartraveller.gov.au/Countries/europe/northern/Pages/latvia.aspx,2017-05-29 23:02:12,True,normal,Latvia overall
Lebanon,http://smartraveller.gov.au/Countries/middle-east/Pages/lebanon.aspx,2017-09-14 12:19:15,True,warning,Lebanon overall
Lebanon,http://smartraveller.gov.au/Countries/middle-east/Pages/lebanon.aspx,2017-09-14 12:19:15,True,danger,"Southern suburbs (Dahiyeh) of Beirut, including west of the airport road. Areas within five kms of the border with Syria"
Lebanon,http://smartraveller.gov.au/Countries/middle-east/Pages/lebanon.aspx,2017-09-14 12:19:15,True,danger,"South of the Litani River, with the exception of the city of Tyre.  Palestinian refugee camps"
Lebanon,http://smartraveller.gov.au/Countries/middle-east/Pages/lebanon.aspx,2017-09-14 12:19:15,True,danger,Tripoli and northern Lebanon north of a line from Tripoli to Sir Ed Dinniyeh and Arsal. Northern Beka’a Valley
Lesotho,http://smartraveller.gov.au/Countries/africa/southern/Pages/lesotho.aspx,2016-10-25 00:22:52,True,caution,Lesotho overall
Liberia,http://smartraveller.gov.au/Countries/africa/west/Pages/liberia.aspx,2017-08-11 01:27:45,True,caution,Liberia overall
Liberia,http://smartraveller.gov.au/Countries/africa/west/Pages/liberia.aspx,2017-08-11 01:27:45,True,warning,Grand Gedeh and River Gee counties
Libya,http://smartraveller.gov.au/Countries/africa/north/Pages/libya.aspx,2017-01-23 00:11:17,True,danger,Libya overall
Liechtenstein,http://smartraveller.gov.au/Countries/europe/western/Pages/liechtenstein.aspx,2015-10-08 04:37:00,null,null,null
Lithuania,http://smartraveller.gov.au/Countries/europe/northern/Pages/lithuania.aspx,2017-08-30 21:50:18,True,normal,Lithuania overall
Luxembourg,http://smartraveller.gov.au/Countries/europe/western/Pages/luxembourg.aspx,2015-06-01 04:18:00,null,null,null
Macau,http://smartraveller.gov.au/Countries/asia/north/Pages/macau.aspx,2017-09-04 03:37:51,True,normal,Macau overall
Madagascar,http://smartraveller.gov.au/Countries/africa/east/Pages/madagascar.aspx,2017-09-28 23:48:10,True,caution,Madagascar overall
Madagascar,http://smartraveller.gov.au/Countries/africa/east/Pages/madagascar.aspx,2017-09-28 23:48:10,True,danger,Batterie Beach
Malawi,http://smartraveller.gov.au/Countries/africa/east/Pages/malawi.aspx,2017-05-02 04:27:30,True,normal,Malawi overall
Malaysia,http://smartraveller.gov.au/Countries/asia/south-east/Pages/malaysia.aspx,2017-07-15 00:01:35,True,normal,Malaysia overall
Malaysia,http://smartraveller.gov.au/Countries/asia/south-east/Pages/malaysia.aspx,2017-07-15 00:01:35,True,warning,Coastal region of eastern Sabah including nearby islands and dive sites
Maldives,http://smartraveller.gov.au/Countries/asia/south/Pages/maldives.aspx,2017-07-28 06:03:22,True,normal,Maldives overall
Maldives,http://smartraveller.gov.au/Countries/asia/south/Pages/maldives.aspx,2017-07-28 06:03:22,True,caution,Malé Island
Mali,http://smartraveller.gov.au/Countries/africa/west/Pages/mali.aspx,2017-09-01 04:55:33,True,danger,Mali overall
Mali,http://smartraveller.gov.au/Countries/africa/west/Pages/mali.aspx,2017-09-01 04:55:33,True,danger,"Bamako, and areas north of the latitude of Diema"
Mali,http://smartraveller.gov.au/Countries/africa/west/Pages/mali.aspx,2017-09-01 04:55:33,True,warning,"Koulikoro, except the capital, Bamako"
Mali,http://smartraveller.gov.au/Countries/africa/west/Pages/mali.aspx,2017-09-01 04:55:33,True,warning,"Kayes, Sikasso and the region of Segou south of the Niger River"
Malta,http://smartraveller.gov.au/Countries/europe/southern/Pages/malta.aspx,2017-06-13 03:47:14,True,normal,Malta overall
Marshall Islands,http://smartraveller.gov.au/Countries/pacific/Pages/marshall_islands.aspx,2017-05-29 23:24:14,True,normal,Marshall Islands overall
Mauritania,http://smartraveller.gov.au/Countries/africa/west/Pages/mauritania.aspx,2017-02-01 02:55:54,True,warning,Mauritania overall
Mauritania,http://smartraveller.gov.au/Countries/africa/west/Pages/mauritania.aspx,2017-02-01 02:55:54,True,danger,"Provinces of Tiris Zemmour, Adrar, Tagant , Hidh ech Chargui, Hodh El Gharbi, Assaba and Guidimaka"
Mauritania,http://smartraveller.gov.au/Countries/africa/west/Pages/mauritania.aspx,2017-02-01 02:55:54,True,danger,"Within 25 kilometres of Western Saharau0027s southern border with Mauritania, except to the city of Nouadhibou"
Mauritius,http://smartraveller.gov.au/Countries/africa/east/Pages/mauritius.aspx,2017-06-06 23:47:44,True,normal,Mauritius overall
Mexico,http://smartraveller.gov.au/Countries/americas/central/Pages/mexico.aspx,2017-09-19 21:34:23,True,caution,Mexico overall
Mexico,http://smartraveller.gov.au/Countries/americas/central/Pages/mexico.aspx,2017-09-19 21:34:23,True,warning,"Michoacán (except the cities of Morelia, Lázaro Cardenas and the Monarch butterfly reserves)"
Mexico,http://smartraveller.gov.au/Countries/americas/central/Pages/mexico.aspx,2017-09-19 21:34:23,True,warning,"Guerrero (except the tourist areas of Ixtapa-Zihautanejo and Taxco, and the toll road to Taxco) "
Mexico,http://smartraveller.gov.au/Countries/americas/central/Pages/mexico.aspx,2017-09-19 21:34:23,True,warning,Tamaulipas
Mexico,http://smartraveller.gov.au/Countries/americas/central/Pages/mexico.aspx,2017-09-19 21:34:23,True,warning,"The Sierra Madre Occidental Mountains in southern Chihuahua, north-eastern Sinaloa, north-western Durango and south-eastern Sonora (except the Chihuahua-Pacific Railway)"
Moldova,http://smartraveller.gov.au/Countries/europe/eastern/Pages/moldova.aspx,2017-07-30 23:31:29,True,normal,Moldova overall
Moldova,http://smartraveller.gov.au/Countries/europe/eastern/Pages/moldova.aspx,2017-07-30 23:31:29,True,warning,Transnistria
Monaco,http://smartraveller.gov.au/Countries/europe/western/Pages/monaco.aspx,2015-10-08 04:52:00,null,null,null
Mongolia,http://smartraveller.gov.au/Countries/asia/north/Pages/mongolia.aspx,2016-12-02 00:15:15,True,normal,Mongolia overall
Montenegro,http://smartraveller.gov.au/Countries/europe/southern/Pages/montenegro.aspx,2017-09-04 23:08:45,True,normal,Montenegro overall
Morocco,http://smartraveller.gov.au/Countries/africa/north/Pages/morocco.aspx,2017-07-04 05:08:25,True,caution,Morocco overall
Morocco,http://smartraveller.gov.au/Countries/africa/north/Pages/morocco.aspx,2017-07-04 05:08:25,True,danger,Western Sahara
Mozambique,http://smartraveller.gov.au/Countries/africa/east/Pages/mozambique.aspx,2017-04-04 02:50:55,True,caution,Mozambique overall
Mozambique,http://smartraveller.gov.au/Countries/africa/east/Pages/mozambique.aspx,2017-04-04 02:50:55,True,warning,"EN1 between the Save River and Muxungue and from Gorongosa to Caia, EN6 between Beira and Chimoio"
Myanmar,http://smartraveller.gov.au/Countries/asia/south-east/Pages/myanmar.aspx,2017-09-05 16:54:28,True,caution,Myanmar overall
Myanmar,http://smartraveller.gov.au/Countries/asia/south-east/Pages/myanmar.aspx,2017-09-05 16:54:28,True,normal,"Cities of Yangon, Mandalay, Bagan, Nay Pyi Taw and Inle Lake"
Myanmar,http://smartraveller.gov.au/Countries/asia/south-east/Pages/myanmar.aspx,2017-09-05 16:54:28,True,warning,"Rakhine State (except resort areas at Ngapali Beach); Northern and Central Shan State, Kachin State"
Myanmar,http://smartraveller.gov.au/Countries/asia/south-east/Pages/myanmar.aspx,2017-09-05 16:54:28,True,warning,"Areas bordering China, Laos, Thailand, Bangladesh and India"
Myanmar,http://smartraveller.gov.au/Countries/asia/south-east/Pages/myanmar.aspx,2017-09-05 16:54:28,True,danger,"Townships of Maungdaw, Buthidaung and Rathedaung in northern Rakhine State"
Namibia,http://smartraveller.gov.au/Countries/africa/southern/Pages/namibia.aspx,2017-03-30 04:39:54,True,normal,Namibia overall
Nauru,http://smartraveller.gov.au/Countries/pacific/Pages/nauru.aspx,2015-09-17 21:35:00,null,null,null
Nepal,http://smartraveller.gov.au/Countries/asia/south/Pages/nepal.aspx,2017-09-28 04:22:04,True,caution,Nepal overall
Netherlands,http://smartraveller.gov.au/Countries/europe/western/Pages/netherlands.aspx,2017-08-08 02:02:08,True,normal,Netherlands overall
Netherlands Antilles,http://smartraveller.gov.au/Countries/americas/caribbean/Pages/netherlands_antilles.aspx,2016-03-01 23:52:00,null,null,null
New Caledonia,http://smartraveller.gov.au/Countries/pacific/Pages/new_caledonia.aspx,2017-09-29 06:13:23,True,normal,New Caledonia overall
New Zealand,http://smartraveller.gov.au/Countries/pacific/Pages/new_zealand.aspx,2017-09-28 04:23:30,True,normal,New Zealand overall
Nicaragua,http://smartraveller.gov.au/Countries/americas/central/Pages/nicaragua.aspx,2016-12-12 05:08:26,True,caution,Nicaragua overall
Niger,http://smartraveller.gov.au/Countries/africa/west/Pages/niger.aspx,2017-09-22 03:41:18,True,danger,Niger overall
Niger,http://smartraveller.gov.au/Countries/africa/west/Pages/niger.aspx,2017-09-22 03:41:18,True,warning,Niamey and areas south of the latitude of Niamey in the regions of Dosso and Tillaberi
Nigeria,http://smartraveller.gov.au/Countries/africa/west/Pages/nigeria.aspx,2017-07-20 07:13:56,True,warning,Nigeria overall
Nigeria,http://smartraveller.gov.au/Countries/africa/west/Pages/nigeria.aspx,2017-07-20 07:13:56,True,caution,"Edo, Ekiti, Kwara, Lagos, Ogun, Ondo, Osun and Oyo states"
Nigeria,http://smartraveller.gov.au/Countries/africa/west/Pages/nigeria.aspx,2017-07-20 07:13:56,True,danger,"Adamawa, Bauchi, Borno, Gombe, Kano, Kaduna and Yobe states"
Nigeria,http://smartraveller.gov.au/Countries/africa/west/Pages/nigeria.aspx,2017-07-20 07:13:56,True,danger,"Riverine areas (coastal) of Akwa Ibom, Bayelsa, Cross Rivers, Delta and Rivers states "
Niue,http://smartraveller.gov.au/Countries/pacific/Pages/niue.aspx,2016-03-02 00:18:00,null,null,null
Northern Mariana Islands,http://smartraveller.gov.au/Countries/pacific/Pages/northern_mariana_islands.aspx,2016-03-02 00:25:00,null,null,null
Norway,http://smartraveller.gov.au/Countries/europe/northern/Pages/norway.aspx,2017-07-05 02:20:47,True,normal,Norway overall
Oman,http://smartraveller.gov.au/Countries/middle-east/Pages/oman.aspx,2017-07-07 05:43:42,True,normal,Oman overall
Oman,http://smartraveller.gov.au/Countries/middle-east/Pages/oman.aspx,2017-07-07 05:43:42,True,warning,Border areas with Yemen
Pakistan,http://smartraveller.gov.au/Countries/asia/south/Pages/pakistan.aspx,2017-08-11 05:10:19,True,warning,Pakistan overall
Pakistan,http://smartraveller.gov.au/Countries/asia/south/Pages/pakistan.aspx,2017-08-11 05:10:19,True,danger,"Balochistan, Federally-Administered Tribal Areas"
Pakistan,http://smartraveller.gov.au/Countries/asia/south/Pages/pakistan.aspx,2017-08-11 05:10:19,True,danger,Khyber-Pakhtunkhwa (excluding Chitral district)
Pakistan,http://smartraveller.gov.au/Countries/asia/south/Pages/pakistan.aspx,2017-08-11 05:10:19,True,danger,"Border areas with Afghanistan and India (excluding Lahore, Wagah, Kasur, Narowal and Sialkot)"
Palau,http://smartraveller.gov.au/Countries/pacific/Pages/palau.aspx,2017-07-07 06:45:46,True,normal,Palau overall
Panama,http://smartraveller.gov.au/Countries/americas/central/Pages/panama.aspx,2016-11-21 03:31:56,True,caution,Panama overall
Panama,http://smartraveller.gov.au/Countries/americas/central/Pages/panama.aspx,2016-11-21 03:31:56,True,danger,Darien Gap beyond Yaviza
Papua New Guinea,http://smartraveller.gov.au/Countries/pacific/Pages/papua_new_guinea.aspx,2017-08-23 05:01:33,True,caution,Papua New Guinea overall
Papua New Guinea,http://smartraveller.gov.au/Countries/pacific/Pages/papua_new_guinea.aspx,2017-08-23 05:01:33,True,warning,Porgera Township
Papua New Guinea,http://smartraveller.gov.au/Countries/pacific/Pages/papua_new_guinea.aspx,2017-08-23 05:01:33,True,warning,Tari in Hela Province
Paraguay,http://smartraveller.gov.au/Countries/americas/south/Pages/paraguay.aspx,2017-06-23 01:33:38,True,caution,Paraguay overall
Peru,http://smartraveller.gov.au/Countries/americas/south/Pages/peru.aspx,2017-08-24 06:20:37,True,caution,Peru overall
Peru,http://smartraveller.gov.au/Countries/americas/south/Pages/peru.aspx,2017-08-24 06:20:37,True,warning,"Areas bordering Ecuador in the regions of Loreto, Amazonas and Cajamarca"
Peru,http://smartraveller.gov.au/Countries/americas/south/Pages/peru.aspx,2017-08-24 06:20:37,True,danger,Areas bordering Colombia 
Philippines,http://smartraveller.gov.au/Countries/asia/south-east/Pages/philippines.aspx,2017-07-24 10:29:59,True,caution,Philippines overall
Philippines,http://smartraveller.gov.au/Countries/asia/south-east/Pages/philippines.aspx,2017-07-24 10:29:59,True,warning,Eastern Mindanao 
Philippines,http://smartraveller.gov.au/Countries/asia/south-east/Pages/philippines.aspx,2017-07-24 10:29:59,True,danger,"Central and western Mindanao, including the Zamboanga Peninsula, and the Sulu Archipelago and southern Sulu Sea area"
Poland,http://smartraveller.gov.au/Countries/europe/eastern/Pages/poland.aspx,2017-07-25 01:23:26,True,normal,Poland overall
Portugal,http://smartraveller.gov.au/Countries/europe/southern/Pages/portugal.aspx,2017-08-24 22:50:33,True,normal,Portugal overall
Puerto Rico,http://smartraveller.gov.au/Countries/americas/caribbean/Pages/puerto_rico.aspx,2016-01-25 09:07:00,null,null,null
Qatar,http://smartraveller.gov.au/Countries/middle-east/Pages/qatar.aspx,2017-08-22 01:26:21,True,normal,Qatar overall
Republic of Korea,http://smartraveller.gov.au/Countries/asia/north/Pages/south_korea.aspx,2017-09-06 00:15:11,True,normal,Republic of Korea overall
Reunion,http://smartraveller.gov.au/Countries/africa/east/Pages/reunion.aspx,2015-06-12 04:19:00,null,null,null
Romania,http://smartraveller.gov.au/Countries/europe/eastern/Pages/romania.aspx,2017-06-08 01:14:07,True,normal,Romania overall
Russia,http://smartraveller.gov.au/Countries/europe/eastern/Pages/russia.aspx,2017-09-14 02:19:26,True,caution,Russia overall
Russia,http://smartraveller.gov.au/Countries/europe/eastern/Pages/russia.aspx,2017-09-14 02:19:26,True,warning,"Regions bordering the Ukrainian provinces of Donetsk, Lugansk and Kharkiv "
Russia,http://smartraveller.gov.au/Countries/europe/eastern/Pages/russia.aspx,2017-09-14 02:19:26,True,danger,North Caucasus
Rwanda,http://smartraveller.gov.au/Countries/africa/east/Pages/rwanda.aspx,2017-08-07 06:20:52,True,caution,Rwanda overall
Rwanda,http://smartraveller.gov.au/Countries/africa/east/Pages/rwanda.aspx,2017-08-07 06:20:52,True,warning,Within 10 kilometres of the border with Burundi
Rwanda,http://smartraveller.gov.au/Countries/africa/east/Pages/rwanda.aspx,2017-08-07 06:20:52,True,warning,"Within 10 kilometres of the border the Democratic Republic of the Congo, including towns of Gisenyi, Kibuye and Cyangugu"
Saint Kitts and Nevis,http://smartraveller.gov.au/Countries/americas/caribbean/Pages/saint_kitts_and_nevis.aspx,2015-09-07 00:51:00,null,null,null
Saint Lucia,http://smartraveller.gov.au/Countries/americas/caribbean/Pages/saint_lucia.aspx,2015-09-07 00:59:00,null,null,null
Saint Vincent and the Grenadines,http://smartraveller.gov.au/Countries/americas/caribbean/Pages/saint_vincent_and_the_grenadines.aspx,2015-11-09 04:44:00,null,null,null
Samoa,http://smartraveller.gov.au/Countries/pacific/Pages/samoa.aspx,2017-08-20 23:29:33,True,normal,Samoa overall
San Marino,http://smartraveller.gov.au/Countries/europe/southern/Pages/san_marino.aspx,2017-05-23 04:29:29,null,null,null
Sao Tome and Principe,http://smartraveller.gov.au/Countries/africa/central/Pages/sao_tome_and_principe.aspx,2015-07-02 04:20:00,null,null,null
Saudi Arabia,http://smartraveller.gov.au/Countries/middle-east/Pages/saudi_arabia.aspx,2017-09-26 02:58:51,True,warning,Saudi Arabia overall
Saudi Arabia,http://smartraveller.gov.au/Countries/middle-east/Pages/saudi_arabia.aspx,2017-09-26 02:58:51,True,danger,Areas within 30 kilometres of the border with Yemen
Senegal,http://smartraveller.gov.au/Countries/africa/west/Pages/senegal.aspx,2017-05-10 00:55:12,True,caution,Senegal overall
Senegal,http://smartraveller.gov.au/Countries/africa/west/Pages/senegal.aspx,2017-05-10 00:55:12,True,warning,"Casamance region of southern Senegal, except Cap Skirring, Ziguinchor and the main road between these cities"
Serbia,http://smartraveller.gov.au/Countries/europe/southern/Pages/serbia.aspx,2017-08-02 22:05:18,True,normal,Serbia overall
Seychelles,http://smartraveller.gov.au/Countries/africa/east/Pages/seychelles.aspx,2017-08-16 05:43:55,True,normal,Seychelles overall
Sierra Leone,http://smartraveller.gov.au/Countries/africa/west/Pages/sierra_leone.aspx,2017-08-16 04:22:24,True,caution,Sierra Leone overall
Singapore,http://smartraveller.gov.au/Countries/asia/south-east/Pages/singapore.aspx,2017-08-03 03:01:39,True,normal,Singapore overall
Slovakia,http://smartraveller.gov.au/Countries/europe/eastern/Pages/slovakia.aspx,2015-06-12 01:25:00,null,null,null
Slovenia,http://smartraveller.gov.au/Countries/europe/southern/Pages/slovenia.aspx,2015-09-19 03:54:00,null,null,null
Solomon Islands,http://smartraveller.gov.au/Countries/pacific/Pages/solomon_islands.aspx,2017-09-18 06:52:43,True,normal,Solomon Islands overall
Somalia,http://smartraveller.gov.au/Countries/africa/east/Pages/somalia.aspx,2017-04-06 01:48:07,True,danger,Somalia overall
South Africa,http://smartraveller.gov.au/Countries/africa/southern/Pages/south_africa.aspx,2017-06-08 09:58:04,True,caution,South Africa overall
South Sudan,http://smartraveller.gov.au/Countries/africa/east/Pages/south_sudan.aspx,2017-06-13 23:04:56,True,danger,South Sudan overall
Spain,http://smartraveller.gov.au/Countries/europe/southern/Pages/spain.aspx,2017-10-02 02:44:07,True,normal,Spain overall
Sri Lanka,http://smartraveller.gov.au/Countries/asia/south/Pages/sri_lanka.aspx,2017-07-21 04:30:33,True,normal,Sri Lanka overall
Sudan,http://smartraveller.gov.au/Countries/africa/north/Pages/sudan.aspx,2017-06-14 04:41:34,True,warning,Sudan overall
Sudan,http://smartraveller.gov.au/Countries/africa/north/Pages/sudan.aspx,2017-06-14 04:41:34,True,danger,"North, South and West Darfur, Abyei region, North and South Kordufan, Blue and White Nile State, Sennar State"
Sudan,http://smartraveller.gov.au/Countries/africa/north/Pages/sudan.aspx,2017-06-14 04:41:34,True,danger,Areas within 15km of the border with Eritrea and Ethiopia
Suriname,http://smartraveller.gov.au/Countries/americas/south/Pages/suriname.aspx,2016-01-25 09:13:00,null,null,null
Swaziland,http://smartraveller.gov.au/Countries/africa/southern/Pages/swaziland.aspx,2017-04-28 05:49:16,True,normal,Swaziland overall
Sweden,http://smartraveller.gov.au/Countries/europe/northern/Pages/sweden.aspx,2017-05-31 03:12:06,True,normal,Sweden overall
Switzerland,http://smartraveller.gov.au/Countries/europe/western/Pages/switzerland.aspx,2017-06-14 23:13:32,True,normal,Switzerland overall
Syria,http://smartraveller.gov.au/Countries/middle-east/Pages/syria.aspx,2016-09-15 06:16:07,True,danger,Syria overall
Taiwan,http://smartraveller.gov.au/Countries/asia/north/Pages/taiwan.aspx,2017-09-12 08:33:57,True,normal,Taiwan overall
Tajikistan,http://smartraveller.gov.au/Countries/asia/central/Pages/tajikistan.aspx,2017-05-29 01:17:46,True,caution,Tajikistan overall
Tajikistan,http://smartraveller.gov.au/Countries/asia/central/Pages/tajikistan.aspx,2017-05-29 01:17:46,True,warning,"Border regions with the Kyrgyz Republic, Uzbekistan and Afghanistan"
Tajikistan,http://smartraveller.gov.au/Countries/asia/central/Pages/tajikistan.aspx,2017-05-29 01:17:46,True,warning,Gorno Badakhshan Autonomous Oblast
Tanzania,http://smartraveller.gov.au/Countries/africa/east/Pages/tanzania.aspx,2017-06-22 03:50:49,True,caution,Tanzania overall
Thailand,http://smartraveller.gov.au/Countries/asia/south-east/Pages/thailand.aspx,2017-09-15 01:11:27,True,caution,Thailand overall
Thailand,http://smartraveller.gov.au/Countries/asia/south-east/Pages/thailand.aspx,2017-09-15 01:11:27,True,danger,"Yala, Pattani, Narathiwat and Songkhla"
The Bahamas,http://smartraveller.gov.au/Countries/americas/caribbean/Pages/bahamas.aspx,2017-09-24 00:44:49,True,caution,The Bahamas overall
The former Yugoslav Republic of Macedonia,http://smartraveller.gov.au/Countries/europe/southern/Pages/former_yugoslav_republic_of_macedonia.aspx,2017-07-10 05:38:17,True,caution,The former Yugoslav Republic of Macedonia overall
The Gambia,http://smartraveller.gov.au/Countries/africa/west/Pages/gambia.aspx,2017-02-10 04:18:29,True,caution,Gambia overall
The Gambia,http://smartraveller.gov.au/Countries/africa/west/Pages/gambia.aspx,2017-02-10 04:18:29,True,warning,Overland travel through the Casamance region in southern Senegal
The Republic of the Congo,http://smartraveller.gov.au/Countries/africa/central/Pages/congo.aspx,2015-06-29 03:03:00,null,null,null
Timor-Leste,http://smartraveller.gov.au/Countries/asia/south-east/Pages/timor_leste.aspx,2017-08-01 02:10:20,True,caution,East Timor overall
Togo,http://smartraveller.gov.au/Countries/africa/west/Pages/togo.aspx,2015-05-19 04:27:00,null,null,null
Tonga,http://smartraveller.gov.au/Countries/pacific/Pages/tonga.aspx,2017-05-09 02:47:07,True,normal,Tonga overall
Trinidad and Tobago,http://smartraveller.gov.au/Countries/americas/caribbean/Pages/trinidad_and_tobago.aspx,2017-08-07 00:25:39,True,caution,Trinidad and Tobago overall
Tunisia,http://smartraveller.gov.au/Countries/africa/north/Pages/tunisia.aspx,2017-09-29 05:23:27,True,warning,Tunisia overall
Tunisia,http://smartraveller.gov.au/Countries/africa/north/Pages/tunisia.aspx,2017-09-29 05:23:27,True,danger,"Southern Tunisia (areas south of and including the towns of Nefta, Douz, Medenine and Zarzis)"
Tunisia,http://smartraveller.gov.au/Countries/africa/north/Pages/tunisia.aspx,2017-09-29 05:23:27,True,danger,Within 30 kms of the border with Algeria
Tunisia,http://smartraveller.gov.au/Countries/africa/north/Pages/tunisia.aspx,2017-09-29 05:23:27,True,danger,Mount Chaambi National Park
Turkey,http://smartraveller.gov.au/Countries/europe/southern/Pages/turkey.aspx,2017-07-18 22:52:03,True,caution,Turkey overall
Turkey,http://smartraveller.gov.au/Countries/europe/southern/Pages/turkey.aspx,2017-07-18 22:52:03,True,warning,Ankara and Istanbul
Turkey,http://smartraveller.gov.au/Countries/europe/southern/Pages/turkey.aspx,2017-07-18 22:52:03,True,warning,"Provinces of Batman, Bingol, Bitlis, Gaziantep, Hakkari, Hatay, Kilis, Mardin, Sanliurfa, Siirt, Sirnak, Tunceli and Van"
Turkey,http://smartraveller.gov.au/Countries/europe/southern/Pages/turkey.aspx,2017-07-18 22:52:03,True,danger,"Areas within 10 kilometres of the border with Syria, Diyarbakir"
Turkmenistan,http://smartraveller.gov.au/Countries/asia/central/Pages/turkmenistan.aspx,2017-09-29 00:58:41,True,normal,Turkmenistan overall
Turkmenistan,http://smartraveller.gov.au/Countries/asia/central/Pages/turkmenistan.aspx,2017-09-29 00:58:41,True,danger,Turkmenistan/Afghanistan Border
Tuvalu,http://smartraveller.gov.au/Countries/pacific/Pages/tuvalu.aspx,2016-03-02 04:37:00,null,null,null
Uganda,http://smartraveller.gov.au/Countries/africa/east/Pages/uganda.aspx,2017-03-30 02:58:11,True,caution,Uganda overall
Uganda,http://smartraveller.gov.au/Countries/africa/east/Pages/uganda.aspx,2017-03-30 02:58:11,True,warning,Within 50 kilometres of the border with the Democratic Republic of the Congo
Uganda,http://smartraveller.gov.au/Countries/africa/east/Pages/uganda.aspx,2017-03-30 02:58:11,True,danger,Karamoja region 
Uganda,http://smartraveller.gov.au/Countries/africa/east/Pages/uganda.aspx,2017-03-30 02:58:11,True,danger,Within 50 kilometres of the border with South Sudan
Ukraine,http://smartraveller.gov.au/Countries/europe/eastern/Pages/ukraine.aspx,2017-06-27 01:12:50,True,caution,Ukraine overall
Ukraine,http://smartraveller.gov.au/Countries/europe/eastern/Pages/ukraine.aspx,2017-06-27 01:12:50,True,danger,Crimea
Ukraine,http://smartraveller.gov.au/Countries/europe/eastern/Pages/ukraine.aspx,2017-06-27 01:12:50,True,danger,Regions of Donetsk and Luhansk
United Arab Emirates,http://smartraveller.gov.au/Countries/middle-east/Pages/united_arab_emirates.aspx,2017-08-25 00:04:25,True,normal,United Arab Emirates overall
United Kingdom,http://smartraveller.gov.au/Countries/europe/northern/Pages/united_kingdom.aspx,2017-10-02 07:01:34,True,normal,United Kingdom overall
United States of America,http://smartraveller.gov.au/Countries/americas/north/Pages/united_states_of_america.aspx,2017-09-23 00:13:12,True,normal,United States of America overall
United States of America,http://smartraveller.gov.au/Countries/americas/north/Pages/united_states_of_america.aspx,2017-09-23 00:13:12,True,warning,US Virgin Islands and US Territory of Puerto Rico
Uruguay,http://smartraveller.gov.au/Countries/americas/south/Pages/uruguay.aspx,2017-08-03 01:36:37,True,normal,Uruguay overall
Uzbekistan,http://smartraveller.gov.au/Countries/asia/central/Pages/uzbekistan.aspx,2016-11-25 02:47:20,True,caution,Uzbekistan overall
Uzbekistan,http://smartraveller.gov.au/Countries/asia/central/Pages/uzbekistan.aspx,2016-11-25 02:47:20,True,warning,"Andijan and the eastern region of the Ferghana Valley; Regions bordering Tajikistan, Kyrgyz Republic and Afghanistan"
Vanuatu,http://smartraveller.gov.au/Countries/pacific/Pages/vanuatu.aspx,2017-09-28 10:26:25,True,normal,Vanuatu overall
Vanuatu,http://smartraveller.gov.au/Countries/pacific/Pages/vanuatu.aspx,2017-09-28 10:26:25,True,danger,Ambae island
Venezuela,http://smartraveller.gov.au/Countries/americas/south/Pages/venezuela.aspx,2017-08-04 23:07:08,True,warning,Venezuela overall
Venezuela,http://smartraveller.gov.au/Countries/americas/south/Pages/venezuela.aspx,2017-08-04 23:07:08,True,danger,Border areas with Colombia (within 80kms)
Vietnam,http://smartraveller.gov.au/Countries/asia/south-east/Pages/vietnam.aspx,2017-09-19 01:40:55,True,normal,Vietnam overall
Wallis and Futuna,http://smartraveller.gov.au/Countries/pacific/Pages/wallis_and_futuna.aspx,2016-03-02 05:07:00,null,null,null
Yemen,http://smartraveller.gov.au/Countries/middle-east/Pages/yemen.aspx,2017-07-25 07:30:16,True,danger,Yemen overall
Zambia,http://smartraveller.gov.au/Countries/africa/east/Pages/zambia.aspx,2017-07-13 07:30:30,True,normal,Zambia overall
Zambia,http://smartraveller.gov.au/Countries/africa/east/Pages/zambia.aspx,2017-07-13 07:30:30,True,warning,"Border areas with the Democratic Republic of Congo, Angola and Mozambique"
Zimbabwe,http://smartraveller.gov.au/Countries/africa/east/Pages/zimbabwe.aspx,2017-04-24 00:54:30,True,caution,Zimbabwe overall
